PART_ID,Trial,Stimuli,Version,Training,FIXTIME,TIME,Correct,SOA,Reversal,Reversal_count,Latency,stim_name,Rating
123M20,1,SQUARES,First_showed,training,45,15,False,8,-,-,1.8175571999745443,right,-
123M20,2,SQUARES,First_showed,training,45,15,True,8,-,-,0.5505159000167623,right,-
123M20,3,SQUARES,First_showed,training,45,15,True,8,-,-,0.5839063000166789,right,-
123M20,4,SQUARES,First_showed,training,45,15,True,8,-,-,0.3837687000632286,right,-
123M20,5,SQUARES,First_showed,training,45,15,True,8,-,-,0.11739180004224181,left,-
